{
  "properties": {
    "connectionReferences": {
      "shared_office365": {
        "runtimeSource": "embedded",
        "connection": {
          "connectionReferenceLogicalName": "new_sharedoffice365_7d6ec"
        },
        "api": {
          "name": "shared_office365"
        }
      },
      "shared_sharepointonline": {
        "runtimeSource": "embedded",
        "connection": {
          "connectionReferenceLogicalName": "rtt_sharedsharepointonline_d1233"
        },
        "api": {
          "name": "shared_sharepointonline"
        }
      }
    },
    "definition": {
      "$schema": "https://schema.management.azure.com/providers/Microsoft.Logic/schemas/2016-06-01/workflowdefinition.json#",
      "contentVersion": "1.0.0.0",
      "parameters": {
        "$connections": {
          "defaultValue": {},
          "type": "Object"
        },
        "$authentication": {
          "defaultValue": {},
          "type": "SecureObject"
        }
      },
      "triggers": {
        "When_an_item_or_a_file_is_modified": {
          "recurrence": {
            "interval": 5,
            "frequency": "Minute"
          },
          "splitOn": "@triggerOutputs()?['body/value']",
          "metadata": {
            "operationMetadataId": "bee60621-1578-4251-9e45-45b0151e3b51"
          },
          "type": "OpenApiConnection",
          "inputs": {
            "host": {
              "connectionName": "shared_sharepointonline",
              "operationId": "GetOnChangedItems",
              "apiId": "/providers/Microsoft.PowerApps/apis/shared_sharepointonline"
            },
            "parameters": {
              "dataset": "https://spo-global.kpmg.com/sites/KY-RPA_Process_Automation",
              "table": "fa4bfcf0-585b-4aa3-8c44-bf2e5d5746fc"
            },
            "authentication": "@parameters('$authentication')"
          },
          "conditions": [
            {
              "expression": "@Or(And(equals(triggerOutputs()?['body/PerformOrReviewStatus/Value'], 'Memo Performed'), equals(triggerOutputs()?['body/IsTaxMemoRequired/Value'], 'Yes')), And(equals(triggerOutputs()?['body/PerformOrReviewStatus/Value'], 'Checklist Performed'), equals(triggerOutputs()?['body/IsTaxMemoRequired/Value'], 'No')), And(Not(equals(triggerOutputs()?['body/TaxAnalysisResult'], '<AMPT, Accept')), equals(triggerOutputs()?['body/PerformOrReviewStatus/Value'], 'Audit Manager Reviewed - Checklist'), equals(triggerOutputs()?['body/IsTaxMemoRequired/Value'], 'No')), equals(triggerOutputs()?['body/PerformOrReviewStatus/Value'], 'Audit Manager Reviewed - Memo'), equals(triggerOutputs()?['body/PerformOrReviewStatus/Value'], 'Audit Director/Partner Reviewed - Memo'), equals(triggerOutputs()?['body/PerformOrReviewStatus/Value'], 'Tax Manager Reviewed - Memo'))"
            }
          ]
        }
      },
      "actions": {
        "Compose": {
          "runAfter": {},
          "metadata": {
            "operationMetadataId": "78379edb-6a26-4a53-938c-6bf77ad3d4ed"
          },
          "type": "Compose",
          "inputs": "Tax Memo Required and Memo Performed :@{And(equals(triggerOutputs()?['body/PerformOrReviewStatus/Value'], 'Memo Performed'), equals(triggerOutputs()?['body/IsTaxMemoRequired/Value'], 'Yes'))\r\n},\nTax Memo Not Req. but Checklist Performed: @{And(equals(triggerOutputs()?['body/PerformOrReviewStatus/Value'], 'Checklist Performed'), equals(triggerOutputs()?['body/IsTaxMemoRequired/Value'], 'No'))},\nTax Memo Not Req.  Checklist by Audit Manager < AMPT: @{And(Not(equals(triggerOutputs()?['body/TaxAnalysisResult'], '<AMPT, Accept')), equals(triggerOutputs()?['body/PerformOrReviewStatus/Value'], 'Audit Manager Reviewed - Checklist'), equals(triggerOutputs()?['body/IsTaxMemoRequired/Value'], 'No'))},\nAudit Manager Reviewed Memo despite exposure: @{equals(triggerOutputs()?['body/PerformOrReviewStatus/Value'], 'Audit Manager Reviewed - Memo')},\nAudit Partner Reviewed Memo: @{equals(triggerOutputs()?['body/PerformOrReviewStatus/Value'], 'Audit Director/Partner Reviewed - Memo')},\nTax Manager Reviewed Memo: @{equals(triggerOutputs()?['body/PerformOrReviewStatus/Value'], 'Tax Manager Reviewed - Memo')}\n\nCheck: @{Or(And(equals(triggerOutputs()?['body/PerformOrReviewStatus/Value'], 'Memo Performed'), equals(triggerOutputs()?['body/IsTaxMemoRequired/Value'], 'Yes')), And(equals(triggerOutputs()?['body/PerformOrReviewStatus/Value'], 'Checklist Performed'), equals(triggerOutputs()?['body/IsTaxMemoRequired/Value'], 'No')), And(Not(equals(triggerOutputs()?['body/TaxAnalysisResult'], '<AMPT, Accept')), equals(triggerOutputs()?['body/PerformOrReviewStatus/Value'], 'Audit Manager Reviewed - Checklist'), equals(triggerOutputs()?['body/IsTaxMemoRequired/Value'], 'No')), equals(triggerOutputs()?['body/PerformOrReviewStatus/Value'], 'Audit Manager Reviewed - Memo'), equals(triggerOutputs()?['body/PerformOrReviewStatus/Value'], 'Audit Director/Partner Reviewed - Memo'), equals(triggerOutputs()?['body/PerformOrReviewStatus/Value'], 'Tax Manager Reviewed - Memo'))}"
        },
        "Switch": {
          "runAfter": {
            "Compose": [
              "Succeeded"
            ]
          },
          "cases": {
            "Case": {
              "case": "Checklist Performed",
              "actions": {
                "Send_an_email_(V2)": {
                  "runAfter": {},
                  "metadata": {
                    "operationMetadataId": "d38e0769-fc06-4edc-9dd4-b0c178153403"
                  },
                  "type": "OpenApiConnection",
                  "inputs": {
                    "host": {
                      "connectionName": "shared_office365",
                      "operationId": "SendEmailV2",
                      "apiId": "/providers/Microsoft.PowerApps/apis/shared_office365"
                    },
                    "parameters": {
                      "emailMessage/To": "@triggerOutputs()?['body/FundReviewerL2/Email']",
                      "emailMessage/Subject": "Audit team review: ASC 740 (“US GAAP”) and IAS 12 / IFRIC 23 (“IFRS” and “non-US GAAP”)",
                      "emailMessage/Body": "<p>Hi,<br>\n<br>\nThe tax analysis and the checklist for @{triggerOutputs()?['body/Title']}, for the year ending @{formatDateTime(triggerOutputs()?['body/AuditSignoffDate'],'yyyy')}, have been completed and are now ready for your review. The preparer has found that the Memo is not required when preparing the checklist. After your review and approval, the deliverables will be submitted to the next reviewer, the Audit Partner/Director.<br>\n<br>\nTo access the files for your review, please click on the link below:<br>\n<br>\n[Insert Link]<br>\n<br>\nKind regards,<br>\n<br>\nRTT Power Apps Team</p>",
                      "emailMessage/Cc": "@{triggerOutputs()?['body/Author/Email']};",
                      "emailMessage/Importance": "Normal"
                    },
                    "authentication": "@parameters('$authentication')"
                  }
                }
              }
            },
            "Case_2": {
              "case": "Memo Performed",
              "actions": {
                "Send_an_email_(V2)_2": {
                  "runAfter": {},
                  "metadata": {
                    "operationMetadataId": "2f674a2c-c6c1-4dfc-8589-0b1203839f5b"
                  },
                  "type": "OpenApiConnection",
                  "inputs": {
                    "host": {
                      "connectionName": "shared_office365",
                      "operationId": "SendEmailV2",
                      "apiId": "/providers/Microsoft.PowerApps/apis/shared_office365"
                    },
                    "parameters": {
                      "emailMessage/To": "@triggerOutputs()?['body/FundReviewerL2/Email']",
                      "emailMessage/Subject": "Audit team review: ASC 740 (“US GAAP”) and IAS 12 / IFRIC 23 (“IFRS” and “non-US GAAP”)",
                      "emailMessage/Body": "<p>Hi,<br>\n<br>\nThe tax analysis, checklist, and memo for @{triggerOutputs()?['body/Title']}, for the year ending @{formatDateTime(triggerOutputs()?['body/AuditSignoffDate'],'yyyy')}, have been completed and are now ready for your review. After your review and approval, the deliverables will be submitted to the next reviewer, the Audit Partner/Director.<br>\n<br>\nTo access the files for your review, please click on the link below:<br>\n<br>\n[Insert Link]<br>\n<br>\nKind regards,<br>\n<br>\nRTT Power Apps Team</p>",
                      "emailMessage/Cc": "@{triggerOutputs()?['body/Author/Email']};",
                      "emailMessage/Importance": "Normal"
                    },
                    "authentication": "@parameters('$authentication')"
                  }
                }
              }
            },
            "Case_3": {
              "case": "Audit Manager Reviewed - Checklist",
              "actions": {
                "Send_an_email_(V2)_3": {
                  "runAfter": {},
                  "metadata": {
                    "operationMetadataId": "99988a42-81cd-4672-a163-0747d6d9b5de"
                  },
                  "type": "OpenApiConnection",
                  "inputs": {
                    "host": {
                      "connectionName": "shared_office365",
                      "operationId": "SendEmailV2",
                      "apiId": "/providers/Microsoft.PowerApps/apis/shared_office365"
                    },
                    "parameters": {
                      "emailMessage/To": "@triggerOutputs()?['body/FundReviewerL1/Email']",
                      "emailMessage/Subject": "Audit team review: ASC 740 (“US GAAP”) and IAS 12 / IFRIC 23 (“IFRS” and “non-US GAAP”)",
                      "emailMessage/Body": "<p>Hi,<br>\n<br>\nThe tax analysis and the checklist for @{triggerOutputs()?['body/Title']}, for the year ending @{formatDateTime(triggerOutputs()?['body/AuditSignoffDate'],'yyyy')}, have been completed, reviewed by Audit manager, and are now ready for your review. The preparer has found that the Memo is not required when preparing the checklist. After your review and approval, the deliverables will be submitted to the next reviewer, the Tax team.<br>\n<br>\nTo access the files for your review, please click on the link below:<br>\n<br>\n[Insert Link]<br>\n<br>\nKind regards,<br>\n<br>\nRTT Power Apps Team</p>",
                      "emailMessage/Cc": "@{triggerOutputs()?['body/Author/Email']}; @{triggerOutputs()?['body/FundReviewerL2/Email']};",
                      "emailMessage/Importance": "Normal"
                    },
                    "authentication": "@parameters('$authentication')"
                  }
                }
              }
            },
            "Case_4": {
              "case": "Audit Manager Reviewed - Memo",
              "actions": {
                "Send_an_email_(V2)_4": {
                  "runAfter": {},
                  "metadata": {
                    "operationMetadataId": "c5fc64d2-e0ac-41a5-9040-6411aad9d445"
                  },
                  "type": "OpenApiConnection",
                  "inputs": {
                    "host": {
                      "connectionName": "shared_office365",
                      "operationId": "SendEmailV2",
                      "apiId": "/providers/Microsoft.PowerApps/apis/shared_office365"
                    },
                    "parameters": {
                      "emailMessage/To": "@triggerOutputs()?['body/FundReviewerL1/Email']",
                      "emailMessage/Subject": "Audit team review: ASC 740 (“US GAAP”) and IAS 12 / IFRIC 23 (“IFRS” and “non-US GAAP”)",
                      "emailMessage/Body": "<p>Hi,<br>\n<br>\nThe tax analysis, checklist, and memo for @{triggerOutputs()?['body/Title']}, for the year ending @{formatDateTime(triggerOutputs()?['body/AuditSignoffDate'],'yyyy')}, have been completed, reviewed by Audit manager, and are now ready for your review. After your review and approval, the deliverables will be submitted to the next reviewer, the Tax team.<br>\n<br>\nTo access the files for your review, please click on the link below:<br>\n<br>\n[Insert Link]<br>\n<br>\nKind regards,<br>\n<br>\nRTT Power Apps Team</p>",
                      "emailMessage/Cc": "@{triggerOutputs()?['body/Author/Email']}; @{triggerOutputs()?['body/FundReviewerL2/Email']};",
                      "emailMessage/Importance": "Normal"
                    },
                    "authentication": "@parameters('$authentication')"
                  }
                }
              }
            },
            "Case_5": {
              "case": "Audit Director/Partner Reviewed - Memo",
              "actions": {
                "Send_an_email_(V2)_5": {
                  "runAfter": {},
                  "metadata": {
                    "operationMetadataId": "4d878f96-89c6-47bc-8ef1-93f886c23a07"
                  },
                  "type": "OpenApiConnection",
                  "inputs": {
                    "host": {
                      "connectionName": "shared_office365",
                      "operationId": "SendEmailV2",
                      "apiId": "/providers/Microsoft.PowerApps/apis/shared_office365"
                    },
                    "parameters": {
                      "emailMessage/To": "@triggerOutputs()?['body/TaxReviewerL2/Email']",
                      "emailMessage/Subject": "Tax team review: ASC 740 (“US GAAP”) and IAS 12 / IFRIC 23 (“IFRS” and “non-US GAAP”)",
                      "emailMessage/Body": "<p>Hi,<br>\n<br>\nThe tax analysis, checklist, and memo for @{triggerOutputs()?['body/Title']}, for the year ending @{formatDateTime(triggerOutputs()?['body/AuditSignoffDate'],'yyyy')}, have been completed, reviewed by Audit Team, and are now ready for your review. After your review and approval, the deliverables will be submitted to the Final Tax reviewer.<br>\n<br>\nTo access the files for your review, please click on the link below:<br>\n<br>\n[Insert Link]<br>\n<br>\nKind regards,<br>\n<br>\nRTT Power Apps Team</p>",
                      "emailMessage/Cc": "@{triggerOutputs()?['body/Author/Email']}; @{triggerOutputs()?['body/FundReviewerL2/Email']}; @{triggerOutputs()?['body/FundReviewerL1/Email']};",
                      "emailMessage/Importance": "Normal"
                    },
                    "authentication": "@parameters('$authentication')"
                  }
                }
              }
            },
            "Case_6": {
              "case": "Tax Manager Reviewed - Memo",
              "actions": {
                "Send_an_email_(V2)_6": {
                  "runAfter": {},
                  "metadata": {
                    "operationMetadataId": "a6c35cbd-e0ee-4793-b96d-8e4d46a84f93"
                  },
                  "type": "OpenApiConnection",
                  "inputs": {
                    "host": {
                      "connectionName": "shared_office365",
                      "operationId": "SendEmailV2",
                      "apiId": "/providers/Microsoft.PowerApps/apis/shared_office365"
                    },
                    "parameters": {
                      "emailMessage/To": "@triggerOutputs()?['body/TaxReviewerL1/Email']",
                      "emailMessage/Subject": "Tax team review: ASC 740 (“US GAAP”) and IAS 12 / IFRIC 23 (“IFRS” and “non-US GAAP”)",
                      "emailMessage/Body": "<p>Hi,<br>\n<br>\nThe tax analysis, checklist, and memo for @{triggerOutputs()?['body/Title']}, for the year ending @{formatDateTime(triggerOutputs()?['body/AuditSignoffDate'],'yyyy')}, have been completed,, reviewed by Audit Team, and initial tax review is completed. The deliverables are now ready for your final review and approval.<br>\n<br>\nTo access the files for your review, please click on the link below:<br>\n<br>\n[Insert Link]<br>\n<br>\nKind regards,<br>\n<br>\nRTT Power Apps Team</p>",
                      "emailMessage/Cc": "@{triggerOutputs()?['body/Author/Email']}; @{triggerOutputs()?['body/FundReviewerL2/Email']}; @{triggerOutputs()?['body/FundReviewerL1/Email']}; @{triggerOutputs()?['body/TaxReviewerL2/Email']}",
                      "emailMessage/Importance": "Normal"
                    },
                    "authentication": "@parameters('$authentication')"
                  }
                }
              }
            }
          },
          "default": {
            "actions": {
              "Terminate": {
                "runAfter": {},
                "metadata": {
                  "operationMetadataId": "f3c841bb-e579-45f3-802b-ffa2662b7410"
                },
                "type": "Terminate",
                "inputs": {
                  "runStatus": "Cancelled"
                }
              }
            }
          },
          "expression": "@triggerOutputs()?['body/PerformOrReviewStatus/Value']",
          "metadata": {
            "operationMetadataId": "861f7170-4567-4b11-bfed-3f0e54bdcc3a"
          },
          "type": "Switch"
        }
      }
    },
    "templateName": ""
  },
  "schemaVersion": "1.0.0.0"
}