{
  "properties": {
    "connectionReferences": {
      "shared_onedriveforbusiness": {
        "runtimeSource": "invoker",
        "connection": {
          "connectionReferenceLogicalName": "new_sharedonedriveforbusiness_2577d"
        },
        "api": {
          "name": "shared_onedriveforbusiness"
        }
      }
    },
    "definition": {
      "$schema": "https://schema.management.azure.com/providers/Microsoft.Logic/schemas/2016-06-01/workflowdefinition.json#",
      "contentVersion": "1.0.0.0",
      "parameters": {
        "$connections": {
          "defaultValue": {},
          "type": "Object"
        },
        "$authentication": {
          "defaultValue": {},
          "type": "SecureObject"
        }
      },
      "triggers": {
        "manual": {
          "metadata": {
            "operationMetadataId": "96399d47-0977-472a-99d7-f337c8646967"
          },
          "type": "Request",
          "kind": "PowerAppV2",
          "inputs": {
            "schema": {
              "type": "object",
              "properties": {
                "text": {
                  "title": "TableContent",
                  "type": "string",
                  "x-ms-dynamically-added": true,
                  "description": "Please enter your input",
                  "x-ms-content-hint": "TEXT"
                }
              },
              "required": [
                "text"
              ]
            }
          }
        }
      },
      "actions": {
        "Compose": {
          "runAfter": {},
          "metadata": {
            "operationMetadataId": "e917dd20-152c-4fda-ac10-2d7858a52cb9"
          },
          "type": "Compose",
          "inputs": "@triggerBody()['text']"
        },
        "Create_CSV_table": {
          "runAfter": {
            "Compose": [
              "Succeeded"
            ]
          },
          "metadata": {
            "operationMetadataId": "16d6bbf1-fdce-4eef-9f82-7fb6ecf0a90f"
          },
          "type": "Table",
          "inputs": {
            "from": "@json(outputs('Compose'))",
            "format": "CSV"
          }
        },
        "Respond_to_a_PowerApp_or_flow": {
          "runAfter": {
            "Create_share_link": [
              "Succeeded"
            ]
          },
          "metadata": {
            "operationMetadataId": "f9f83b6b-8faf-41c8-a6b4-b122fc2fd401"
          },
          "type": "Response",
          "kind": "PowerApp",
          "inputs": {
            "statusCode": 200,
            "body": {
              "filelink": "@outputs('Create_share_link')?['body/WebUrl']"
            },
            "schema": {
              "type": "object",
              "properties": {
                "filelink": {
                  "title": "FileLink",
                  "x-ms-dynamically-added": true,
                  "type": "string"
                }
              }
            }
          }
        },
        "Delay": {
          "runAfter": {
            "Respond_to_a_PowerApp_or_flow": [
              "Succeeded"
            ]
          },
          "metadata": {
            "operationMetadataId": "e8bc9952-83ae-4e9c-8a2c-e1d6b5289af4"
          },
          "type": "Wait",
          "inputs": {
            "interval": {
              "count": 30,
              "unit": "Minute"
            }
          }
        },
        "Create_file": {
          "runAfter": {
            "Create_CSV_table": [
              "Succeeded"
            ]
          },
          "metadata": {
            "operationMetadataId": "43c1470c-74ee-4447-b4ea-d214731cc2fc"
          },
          "type": "OpenApiConnection",
          "inputs": {
            "host": {
              "connectionName": "shared_onedriveforbusiness",
              "operationId": "CreateFile",
              "apiId": "/providers/Microsoft.PowerApps/apis/shared_onedriveforbusiness"
            },
            "parameters": {
              "folderPath": "/Tax Temp/",
              "name": "@{concat('Temp_',utcNow(),guid())}.csv",
              "body": "@body('Create_CSV_table')"
            },
            "authentication": "@parameters('$authentication')"
          },
          "runtimeConfiguration": {
            "contentTransfer": {
              "transferMode": "Chunked"
            }
          }
        },
        "Create_share_link": {
          "runAfter": {
            "Create_file": [
              "Succeeded"
            ]
          },
          "metadata": {
            "operationMetadataId": "72d15ac3-2133-4ea6-a295-048577f265fc"
          },
          "type": "OpenApiConnection",
          "inputs": {
            "host": {
              "connectionName": "shared_onedriveforbusiness",
              "operationId": "CreateShareLinkV2",
              "apiId": "/providers/Microsoft.PowerApps/apis/shared_onedriveforbusiness"
            },
            "parameters": {
              "id": "@outputs('Create_file')?['body/Id']",
              "type": "Edit",
              "scope": "Organization"
            },
            "authentication": "@parameters('$authentication')"
          }
        },
        "Delete_file": {
          "runAfter": {
            "Delay": [
              "Succeeded"
            ]
          },
          "metadata": {
            "operationMetadataId": "30239c07-acb1-421b-adb9-92b2800fbd72"
          },
          "type": "OpenApiConnection",
          "inputs": {
            "host": {
              "connectionName": "shared_onedriveforbusiness",
              "operationId": "DeleteFile",
              "apiId": "/providers/Microsoft.PowerApps/apis/shared_onedriveforbusiness"
            },
            "parameters": {
              "id": "@outputs('Create_file')?['body/Id']"
            },
            "authentication": "@parameters('$authentication')"
          }
        }
      }
    },
    "templateName": ""
  },
  "schemaVersion": "1.0.0.0"
}