{
  "properties": {
    "connectionReferences": {
      "shared_sharepointonline": {
        "runtimeSource": "invoker",
        "connection": {
          "connectionReferenceLogicalName": "rtt_sharedsharepointonline_d1233"
        },
        "api": {
          "name": "shared_sharepointonline"
        }
      },
      "shared_office365": {
        "runtimeSource": "invoker",
        "connection": {
          "connectionReferenceLogicalName": "new_sharedoffice365_7d6ec"
        },
        "api": {
          "name": "shared_office365"
        }
      }
    },
    "definition": {
      "$schema": "https://schema.management.azure.com/providers/Microsoft.Logic/schemas/2016-06-01/workflowdefinition.json#",
      "contentVersion": "1.0.0.0",
      "parameters": {
        "$connections": {
          "defaultValue": {},
          "type": "Object"
        },
        "$authentication": {
          "defaultValue": {},
          "type": "SecureObject"
        }
      },
      "triggers": {
        "manual": {
          "metadata": {
            "operationMetadataId": "54c1a500-5f7b-46e0-9b81-1be53684419c"
          },
          "type": "Request",
          "kind": "PowerAppV2",
          "inputs": {
            "schema": {
              "type": "object",
              "properties": {
                "text": {
                  "title": "AssessmentID",
                  "type": "string",
                  "x-ms-dynamically-added": true,
                  "description": "Please enter your input",
                  "x-ms-content-hint": "TEXT"
                },
                "text_1": {
                  "title": "MatchingTable",
                  "type": "string",
                  "x-ms-dynamically-added": true,
                  "description": "Please enter your input",
                  "x-ms-content-hint": "TEXT"
                },
                "email": {
                  "title": "Email",
                  "type": "string",
                  "format": "email",
                  "x-ms-dynamically-added": true,
                  "description": "Please enter an e-mail address",
                  "x-ms-content-hint": "EMAIL"
                }
              },
              "required": [
                "text",
                "text_1",
                "email"
              ]
            }
          }
        }
      },
      "actions": {
        "Compose": {
          "runAfter": {},
          "metadata": {
            "operationMetadataId": "1e281f40-f6a8-4867-9db4-cb5808f53ab9"
          },
          "type": "Compose",
          "inputs": {
            "AssessmentID": "@triggerBody()['text']",
            "Table": "@triggerBody()['text_1']"
          }
        },
        "Parse_JSON": {
          "runAfter": {
            "Initialize_GetItems_String": [
              "Succeeded"
            ]
          },
          "metadata": {
            "operationMetadataId": "ea5f00c3-3160-4381-9f55-41c70494e688"
          },
          "type": "ParseJson",
          "inputs": {
            "content": "@triggerBody()['text_1']",
            "schema": {
              "type": "array",
              "items": {
                "type": "object",
                "properties": {
                  "MatchingInvType": {
                    "type": "string"
                  },
                  "Value": {
                    "type": "string"
                  }
                },
                "required": [
                  "MatchingInvType",
                  "Value"
                ]
              }
            }
          }
        },
        "Apply_to_each_record_to_extract_SP_List_items": {
          "foreach": "@body('Parse_JSON')",
          "actions": {
            "CurrentItem": {
              "runAfter": {},
              "metadata": {
                "operationMetadataId": "28b0696d-23c5-447d-8f32-c368d5f99375"
              },
              "type": "Compose",
              "inputs": "@items('Apply_to_each_record_to_extract_SP_List_items')"
            },
            "CYP": {
              "runAfter": {
                "CurrentItem": [
                  "Succeeded"
                ]
              },
              "metadata": {
                "operationMetadataId": "a624ff7f-49e2-4015-8d23-da562562fc64"
              },
              "type": "OpenApiConnection",
              "inputs": {
                "host": {
                  "connectionName": "shared_sharepointonline",
                  "operationId": "GetItems",
                  "apiId": "/providers/Microsoft.PowerApps/apis/shared_sharepointonline"
                },
                "parameters": {
                  "dataset": "https://spo-global.kpmg.com/sites/KY-RPA_Process_Automation",
                  "table": "641825b3-eebd-4901-a766-eada40fd5fac",
                  "$filter": "AssessmentID eq @{outputs('Compose')?['AssessmentID']}  and field_6 eq '@{items('Apply_to_each_record_to_extract_SP_List_items')['Value']}'"
                },
                "authentication": "@parameters('$authentication')"
              },
              "runtimeConfiguration": {
                "paginationPolicy": {
                  "minimumItemCount": 2000
                }
              }
            },
            "RGL": {
              "runAfter": {
                "CurrentItem": [
                  "Succeeded"
                ]
              },
              "metadata": {
                "operationMetadataId": "115454f1-d12f-4499-9bd4-13b204bc3ca6"
              },
              "type": "OpenApiConnection",
              "inputs": {
                "host": {
                  "connectionName": "shared_sharepointonline",
                  "operationId": "GetItems",
                  "apiId": "/providers/Microsoft.PowerApps/apis/shared_sharepointonline"
                },
                "parameters": {
                  "dataset": "https://spo-global.kpmg.com/sites/KY-RPA_Process_Automation",
                  "table": "bfd286bf-fefc-42d7-a34c-5904956fde1f",
                  "$filter": "AssessmentID eq @{outputs('Compose')?['AssessmentID']}  and field_9 eq '@{items('Apply_to_each_record_to_extract_SP_List_items')['Value']}'"
                },
                "authentication": "@parameters('$authentication')"
              },
              "runtimeConfiguration": {
                "paginationPolicy": {
                  "minimumItemCount": 2000
                }
              }
            },
            "II": {
              "runAfter": {
                "CurrentItem": [
                  "Succeeded"
                ]
              },
              "metadata": {
                "operationMetadataId": "27c402f1-cb6a-43bf-99bb-00b2050097d0"
              },
              "type": "OpenApiConnection",
              "inputs": {
                "host": {
                  "connectionName": "shared_sharepointonline",
                  "operationId": "GetItems",
                  "apiId": "/providers/Microsoft.PowerApps/apis/shared_sharepointonline"
                },
                "parameters": {
                  "dataset": "https://spo-global.kpmg.com/sites/KY-RPA_Process_Automation",
                  "table": "ec881eef-5c94-4387-995a-5af1a84c0f20",
                  "$filter": "AssessmentID eq @{outputs('Compose')?['AssessmentID']}  and field_5 eq '@{items('Apply_to_each_record_to_extract_SP_List_items')['Value']}'"
                },
                "authentication": "@parameters('$authentication')"
              },
              "runtimeConfiguration": {
                "paginationPolicy": {
                  "minimumItemCount": 2000
                }
              }
            },
            "OI": {
              "runAfter": {
                "CurrentItem": [
                  "Succeeded"
                ]
              },
              "metadata": {
                "operationMetadataId": "46179276-2ee5-482a-a7a0-672902d5eca5"
              },
              "type": "OpenApiConnection",
              "inputs": {
                "host": {
                  "connectionName": "shared_sharepointonline",
                  "operationId": "GetItems",
                  "apiId": "/providers/Microsoft.PowerApps/apis/shared_sharepointonline"
                },
                "parameters": {
                  "dataset": "https://spo-global.kpmg.com/sites/KY-RPA_Process_Automation",
                  "table": "3184c42b-989b-4de9-853e-e2e12149a5d1",
                  "$filter": "AssessmentID eq @{outputs('Compose')?['AssessmentID']}  and field_3 eq '@{items('Apply_to_each_record_to_extract_SP_List_items')['Value']}'"
                },
                "authentication": "@parameters('$authentication')"
              },
              "runtimeConfiguration": {
                "paginationPolicy": {
                  "minimumItemCount": 2000
                }
              }
            },
            "Select_from_CYP": {
              "runAfter": {
                "CYP": [
                  "Succeeded"
                ]
              },
              "metadata": {
                "operationMetadataId": "1a977007-6095-4613-b78c-8b29c98a6532"
              },
              "type": "Select",
              "inputs": {
                "from": "@outputs('CYP')?['body/value']",
                "select": {
                  "ID": "@item()?['ID']",
                  "AdminInvType": "@item()?['field_6']",
                  "AdminReport": "CYP",
                  "MatchingInvType": "@items('Apply_to_each_record_to_extract_SP_List_items')['MatchingInvType']"
                }
              }
            },
            "Select_from_RGL": {
              "runAfter": {
                "RGL": [
                  "Succeeded"
                ]
              },
              "metadata": {
                "operationMetadataId": "1a977007-6095-4613-b78c-8b29c98a6532"
              },
              "type": "Select",
              "inputs": {
                "from": "@outputs('RGL')?['body/value']",
                "select": {
                  "ID": "@item()?['ID']",
                  "AdminInvType": "@item()?['field_9']",
                  "AdminReport": "RGL",
                  "MatchingInvType": "@items('Apply_to_each_record_to_extract_SP_List_items')['MatchingInvType']"
                }
              }
            },
            "Select_from_II": {
              "runAfter": {
                "II": [
                  "Succeeded"
                ]
              },
              "metadata": {
                "operationMetadataId": "1a977007-6095-4613-b78c-8b29c98a6532"
              },
              "type": "Select",
              "inputs": {
                "from": "@outputs('II')?['body/value']",
                "select": {
                  "ID": "@item()?['ID']",
                  "AdminInvType": "@item()?['field_5']",
                  "AdminReport": "II",
                  "MatchingInvType": "@items('Apply_to_each_record_to_extract_SP_List_items')['MatchingInvType']"
                }
              }
            },
            "Select_from_OI": {
              "runAfter": {
                "OI": [
                  "Succeeded"
                ]
              },
              "metadata": {
                "operationMetadataId": "1a977007-6095-4613-b78c-8b29c98a6532"
              },
              "type": "Select",
              "inputs": {
                "from": "@outputs('OI')?['body/value']",
                "select": {
                  "ID": "@item()?['ID']",
                  "AdminInvType": "@item()?['field_3']",
                  "AdminReport": "OI",
                  "MatchingInvType": "@items('Apply_to_each_record_to_extract_SP_List_items')['MatchingInvType']"
                }
              }
            },
            "Append_Results": {
              "runAfter": {
                "Select_from_CYP": [
                  "Succeeded"
                ],
                "Select_from_RGL": [
                  "Succeeded"
                ],
                "Select_from_II": [
                  "Succeeded"
                ],
                "Select_from_OI": [
                  "Succeeded"
                ]
              },
              "metadata": {
                "operationMetadataId": "6b232c16-c242-4bf4-980b-a0bcec78febe"
              },
              "type": "Compose",
              "inputs": "@concat(split(split(string(union(body('Select_from_CYP'),body('Select_from_RGL'),body('Select_from_II'),body('Select_from_OI'))), '[')?[1], ']')?[0],',')"
            },
            "Append_to_string_variable": {
              "runAfter": {
                "Append_Results": [
                  "Succeeded"
                ]
              },
              "metadata": {
                "operationMetadataId": "3c101a1a-ff33-44b8-9919-9577d76d9d28"
              },
              "type": "AppendToStringVariable",
              "inputs": {
                "name": "GetItems",
                "value": "@outputs('Append_Results')"
              }
            }
          },
          "runAfter": {
            "Parse_JSON": [
              "Succeeded"
            ]
          },
          "metadata": {
            "operationMetadataId": "b61ca7ba-545d-4f75-816f-f6a6849a1420"
          },
          "type": "Foreach"
        },
        "Initialize_GetItems_String": {
          "runAfter": {
            "Compose": [
              "Succeeded"
            ]
          },
          "metadata": {
            "operationMetadataId": "3eae1344-55a2-455b-aa66-fbf54e61608d"
          },
          "type": "InitializeVariable",
          "inputs": {
            "variables": [
              {
                "name": "GetItems",
                "type": "string"
              }
            ]
          }
        },
        "Convert_to_Array": {
          "runAfter": {
            "Apply_to_each_record_to_extract_SP_List_items": [
              "Succeeded"
            ]
          },
          "metadata": {
            "operationMetadataId": "a52c4895-62a6-4984-b2ca-2949e638e80b"
          },
          "type": "Compose",
          "inputs": "@concat('[', substring(variables('GetItems'), 0, sub(length(variables('GetItems')),1)), ']')"
        },
        "Apply_to_each_record_to_Update_SP_List_items": {
          "foreach": "@body('Parse_JSON_2')",
          "actions": {
            "CurrentItem_2": {
              "runAfter": {},
              "metadata": {
                "operationMetadataId": "28b0696d-23c5-447d-8f32-c368d5f99375"
              },
              "type": "Compose",
              "inputs": "@items('Apply_to_each_record_to_Update_SP_List_items')"
            },
            "Switch": {
              "runAfter": {
                "CurrentItem_2": [
                  "Succeeded"
                ]
              },
              "cases": {
                "CYP_Case": {
                  "case": "CYP",
                  "actions": {
                    "Update_CYP": {
                      "runAfter": {},
                      "metadata": {
                        "operationMetadataId": "ff9d2601-f8c6-4fdc-ba3b-1dc3161a2913"
                      },
                      "type": "OpenApiConnection",
                      "inputs": {
                        "host": {
                          "connectionName": "shared_sharepointonline",
                          "operationId": "PatchItem",
                          "apiId": "/providers/Microsoft.PowerApps/apis/shared_sharepointonline"
                        },
                        "parameters": {
                          "dataset": "https://spo-global.kpmg.com/sites/KY-RPA_Process_Automation",
                          "table": "641825b3-eebd-4901-a766-eada40fd5fac",
                          "id": "@items('Apply_to_each_record_to_Update_SP_List_items')?['ID']",
                          "item/field_6": "@items('Apply_to_each_record_to_Update_SP_List_items')['MatchingInvType']"
                        },
                        "authentication": "@parameters('$authentication')"
                      }
                    }
                  }
                },
                "RGL_Case": {
                  "case": "RGL",
                  "actions": {
                    "Update_RGL": {
                      "runAfter": {},
                      "metadata": {
                        "operationMetadataId": "a059c6d7-2797-46be-b91c-18c49418ee71"
                      },
                      "type": "OpenApiConnection",
                      "inputs": {
                        "host": {
                          "connectionName": "shared_sharepointonline",
                          "operationId": "PatchItem",
                          "apiId": "/providers/Microsoft.PowerApps/apis/shared_sharepointonline"
                        },
                        "parameters": {
                          "dataset": "https://spo-global.kpmg.com/sites/KY-RPA_Process_Automation",
                          "table": "bfd286bf-fefc-42d7-a34c-5904956fde1f",
                          "id": "@items('Apply_to_each_record_to_Update_SP_List_items')?['ID']",
                          "item/field_9": "@items('Apply_to_each_record_to_Update_SP_List_items')['MatchingInvType']"
                        },
                        "authentication": "@parameters('$authentication')"
                      }
                    }
                  }
                },
                "II_Case": {
                  "case": "II",
                  "actions": {
                    "Update_II": {
                      "runAfter": {},
                      "metadata": {
                        "operationMetadataId": "26da9c6d-7560-4b99-aa19-b40df8d975d5"
                      },
                      "type": "OpenApiConnection",
                      "inputs": {
                        "host": {
                          "connectionName": "shared_sharepointonline",
                          "operationId": "PatchItem",
                          "apiId": "/providers/Microsoft.PowerApps/apis/shared_sharepointonline"
                        },
                        "parameters": {
                          "dataset": "https://spo-global.kpmg.com/sites/KY-RPA_Process_Automation",
                          "table": "ec881eef-5c94-4387-995a-5af1a84c0f20",
                          "id": "@items('Apply_to_each_record_to_Update_SP_List_items')?['ID']",
                          "item/field_5": "@items('Apply_to_each_record_to_Update_SP_List_items')['MatchingInvType']"
                        },
                        "authentication": "@parameters('$authentication')"
                      }
                    }
                  }
                },
                "OI_Case": {
                  "case": "OI",
                  "actions": {
                    "Update_item": {
                      "runAfter": {},
                      "metadata": {
                        "operationMetadataId": "4860bc7c-30be-411f-b5a9-8fb51e476744"
                      },
                      "type": "OpenApiConnection",
                      "inputs": {
                        "host": {
                          "connectionName": "shared_sharepointonline",
                          "operationId": "PatchItem",
                          "apiId": "/providers/Microsoft.PowerApps/apis/shared_sharepointonline"
                        },
                        "parameters": {
                          "dataset": "https://spo-global.kpmg.com/sites/KY-RPA_Process_Automation",
                          "table": "3184c42b-989b-4de9-853e-e2e12149a5d1",
                          "id": "@items('Apply_to_each_record_to_Update_SP_List_items')?['ID']",
                          "item/field_3": "@items('Apply_to_each_record_to_Update_SP_List_items')['MatchingInvType']"
                        },
                        "authentication": "@parameters('$authentication')"
                      }
                    }
                  }
                }
              },
              "default": {
                "actions": {
                  "Default_Action": {
                    "runAfter": {},
                    "metadata": {
                      "operationMetadataId": "c7c5ef16-29a7-4ba7-ad65-c9d7738d9551"
                    },
                    "type": "Compose",
                    "inputs": "@'No Idea'"
                  }
                }
              },
              "expression": "@items('Apply_to_each_record_to_Update_SP_List_items')?['AdminReport']",
              "metadata": {
                "operationMetadataId": "03d94116-3235-458d-9c35-d6e40535f3ef"
              },
              "type": "Switch"
            }
          },
          "runAfter": {
            "Parse_JSON_2": [
              "Succeeded"
            ]
          },
          "metadata": {
            "operationMetadataId": "b61ca7ba-545d-4f75-816f-f6a6849a1420"
          },
          "type": "Foreach"
        },
        "Parse_JSON_2": {
          "runAfter": {
            "Convert_to_Array": [
              "Succeeded"
            ]
          },
          "metadata": {
            "operationMetadataId": "ea5f00c3-3160-4381-9f55-41c70494e688"
          },
          "type": "ParseJson",
          "inputs": {
            "content": "@outputs('Convert_to_Array')",
            "schema": {
              "type": "array",
              "items": {
                "type": "object",
                "properties": {
                  "ID": {
                    "type": "integer"
                  },
                  "AdminInvType": {
                    "type": "string"
                  },
                  "AdminReport": {
                    "type": "string"
                  },
                  "MatchingInvType": {
                    "type": "string"
                  }
                },
                "required": [
                  "ID",
                  "AdminInvType",
                  "AdminReport",
                  "MatchingInvType"
                ]
              }
            }
          }
        },
        "Create_HTML_table": {
          "runAfter": {
            "Apply_to_each_record_to_Update_SP_List_items": [
              "Succeeded"
            ]
          },
          "metadata": {
            "operationMetadataId": "1145b4db-b6d2-4139-9db6-db9ebf8726e1"
          },
          "type": "Table",
          "inputs": {
            "from": "@body('Parse_JSON_2')",
            "format": "HTML"
          }
        },
        "Send_an_email_(V2)": {
          "runAfter": {
            "Create_HTML_table": [
              "Succeeded"
            ]
          },
          "metadata": {
            "operationMetadataId": "49dd9b6b-0d7c-4c1a-8a93-953f51870640"
          },
          "type": "OpenApiConnection",
          "inputs": {
            "host": {
              "connectionName": "shared_office365",
              "operationId": "SendEmailV2",
              "apiId": "/providers/Microsoft.PowerApps/apis/shared_office365"
            },
            "parameters": {
              "emailMessage/To": "@triggerBody()['email']",
              "emailMessage/Subject": "InvType Record Matching Summary",
              "emailMessage/Body": "<p>@{length(body('Parse_JSON_2'))} records were matched and updated to SP lists</p>",
              "emailMessage/Importance": "Normal"
            },
            "authentication": "@parameters('$authentication')"
          }
        }
      }
    },
    "templateName": ""
  },
  "schemaVersion": "1.0.0.0"
}