<ImportExportXml xmlns:xsi="http://www.w3.org/2001/XMLSchema-instance">
  <Entities></Entities>
  <Roles></Roles>
  <Workflows>
    <Workflow WorkflowId="{3d93c134-935e-ee11-be6e-000d3ab64821}" Name="UpdateSharePointLists V4">
      <JsonFileName>/Workflows/UpdateSharePointListsV4-3D93C134-935E-EE11-BE6E-000D3AB64821.json</JsonFileName>
      <Type>1</Type>
      <Subprocess>0</Subprocess>
      <Category>5</Category>
      <Mode>0</Mode>
      <Scope>4</Scope>
      <OnDemand>0</OnDemand>
      <TriggerOnCreate>0</TriggerOnCreate>
      <TriggerOnDelete>0</TriggerOnDelete>
      <AsyncAutodelete>0</AsyncAutodelete>
      <SyncWorkflowLogOnFailure>0</SyncWorkflowLogOnFailure>
      <StateCode>1</StateCode>
      <StatusCode>2</StatusCode>
      <RunAs>1</RunAs>
      <IsTransacted>1</IsTransacted>
      <IntroducedVersion>1.0.0.0</IntroducedVersion>
      <IsCustomizable>1</IsCustomizable>
      <BusinessProcessType>0</BusinessProcessType>
      <IsCustomProcessingStepAllowedForOtherPublishers>1</IsCustomProcessingStepAllowedForOtherPublishers>
      <PrimaryEntity>none</PrimaryEntity>
      <LocalizedNames>
        <LocalizedName languagecode="1033" description="UpdateSharePointLists V4" />
      </LocalizedNames>
    </Workflow>
    <Workflow WorkflowId="{b3519dc4-fc68-ee11-9ae7-000d3ab7889f}" Name="Email Alerts">
      <JsonFileName>/Workflows/EmailAlerts-B3519DC4-FC68-EE11-9AE7-000D3AB7889F.json</JsonFileName>
      <Type>1</Type>
      <Subprocess>0</Subprocess>
      <Category>5</Category>
      <Mode>0</Mode>
      <Scope>4</Scope>
      <OnDemand>0</OnDemand>
      <TriggerOnCreate>0</TriggerOnCreate>
      <TriggerOnDelete>0</TriggerOnDelete>
      <AsyncAutodelete>0</AsyncAutodelete>
      <SyncWorkflowLogOnFailure>0</SyncWorkflowLogOnFailure>
      <StateCode>1</StateCode>
      <StatusCode>2</StatusCode>
      <RunAs>1</RunAs>
      <IsTransacted>1</IsTransacted>
      <IntroducedVersion>1.0.0.0</IntroducedVersion>
      <IsCustomizable>1</IsCustomizable>
      <BusinessProcessType>0</BusinessProcessType>
      <IsCustomProcessingStepAllowedForOtherPublishers>1</IsCustomProcessingStepAllowedForOtherPublishers>
      <PrimaryEntity>none</PrimaryEntity>
      <LocalizedNames>
        <LocalizedName languagecode="1033" description="Email Alerts" />
      </LocalizedNames>
    </Workflow>
    <Workflow WorkflowId="{6c562709-2d34-ee11-bdf4-000d3ab7889f}" Name="InvTypeMatch">
      <JsonFileName>/Workflows/InvTypeMatch-6C562709-2D34-EE11-BDF4-000D3AB7889F.json</JsonFileName>
      <Type>1</Type>
      <Subprocess>0</Subprocess>
      <Category>5</Category>
      <Mode>0</Mode>
      <Scope>4</Scope>
      <OnDemand>0</OnDemand>
      <TriggerOnCreate>0</TriggerOnCreate>
      <TriggerOnDelete>0</TriggerOnDelete>
      <AsyncAutodelete>0</AsyncAutodelete>
      <SyncWorkflowLogOnFailure>0</SyncWorkflowLogOnFailure>
      <StateCode>1</StateCode>
      <StatusCode>2</StatusCode>
      <RunAs>1</RunAs>
      <IsTransacted>1</IsTransacted>
      <IntroducedVersion>1.0</IntroducedVersion>
      <IsCustomizable>1</IsCustomizable>
      <BusinessProcessType>0</BusinessProcessType>
      <IsCustomProcessingStepAllowedForOtherPublishers>1</IsCustomProcessingStepAllowedForOtherPublishers>
      <BillingContext>[{"id":"rtt_kykigrttprototype_5473e","type":"UnifiedApp","metadata":{"displayName":"KY+KIG - RTT Prototype"}}]</BillingContext>
      <PrimaryEntity>none</PrimaryEntity>
      <LocalizedNames>
        <LocalizedName languagecode="1033" description="InvTypeMatch" />
      </LocalizedNames>
    </Workflow>
    <Workflow WorkflowId="{f1ab0b90-ce2a-ee11-bdf4-000d3ab79002}" Name="ExportToExcel">
      <JsonFileName>/Workflows/ExportToExcel-F1AB0B90-CE2A-EE11-BDF4-000D3AB79002.json</JsonFileName>
      <Type>1</Type>
      <Subprocess>0</Subprocess>
      <Category>5</Category>
      <Mode>0</Mode>
      <Scope>4</Scope>
      <OnDemand>0</OnDemand>
      <TriggerOnCreate>0</TriggerOnCreate>
      <TriggerOnDelete>0</TriggerOnDelete>
      <AsyncAutodelete>0</AsyncAutodelete>
      <SyncWorkflowLogOnFailure>0</SyncWorkflowLogOnFailure>
      <StateCode>1</StateCode>
      <StatusCode>2</StatusCode>
      <RunAs>1</RunAs>
      <IsTransacted>1</IsTransacted>
      <IntroducedVersion>1.0.0.0</IntroducedVersion>
      <IsCustomizable>1</IsCustomizable>
      <BusinessProcessType>0</BusinessProcessType>
      <IsCustomProcessingStepAllowedForOtherPublishers>1</IsCustomProcessingStepAllowedForOtherPublishers>
      <PrimaryEntity>none</PrimaryEntity>
      <LocalizedNames>
        <LocalizedName languagecode="1033" description="ExportToExcel" />
      </LocalizedNames>
    </Workflow>
    <Workflow WorkflowId="{de5d1590-e231-ee11-bdf4-0022489cfe6d}" Name="CountryMatch">
      <JsonFileName>/Workflows/CountryMatch-DE5D1590-E231-EE11-BDF4-0022489CFE6D.json</JsonFileName>
      <Type>1</Type>
      <Subprocess>0</Subprocess>
      <Category>5</Category>
      <Mode>0</Mode>
      <Scope>4</Scope>
      <OnDemand>0</OnDemand>
      <TriggerOnCreate>0</TriggerOnCreate>
      <TriggerOnDelete>0</TriggerOnDelete>
      <AsyncAutodelete>0</AsyncAutodelete>
      <SyncWorkflowLogOnFailure>0</SyncWorkflowLogOnFailure>
      <StateCode>1</StateCode>
      <StatusCode>2</StatusCode>
      <RunAs>1</RunAs>
      <IsTransacted>1</IsTransacted>
      <IntroducedVersion>1.0.0.0</IntroducedVersion>
      <IsCustomizable>1</IsCustomizable>
      <BusinessProcessType>0</BusinessProcessType>
      <IsCustomProcessingStepAllowedForOtherPublishers>1</IsCustomProcessingStepAllowedForOtherPublishers>
      <PrimaryEntity>none</PrimaryEntity>
      <LocalizedNames>
        <LocalizedName languagecode="1033" description="CountryMatch" />
      </LocalizedNames>
    </Workflow>
  </Workflows>
  <FieldSecurityProfiles></FieldSecurityProfiles>
  <Templates />
  <EntityMaps />
  <EntityRelationships />
  <OrganizationSettings />
  <optionsets />
  <CustomControls />
  <EntityDataProviders />
  <CanvasApps>
    <CanvasApp>
      <Name>rtt_kykigrttdev_aae2b</Name>
      <AppVersion>2024-02-14T12:06:46Z</AppVersion>
      <Status>Ready</Status>
      <CreatedByClientVersion>3.24015.12.0</CreatedByClientVersion>
      <MinClientVersion>3.24015.12.0</MinClientVersion>
      <Tags>{"primaryDeviceWidth":"1366","primaryDeviceHeight":"768","supportsPortrait":"true","supportsLandscape":"true","primaryFormFactor":"Tablet","publisherVersion":"3.24015.12","minimumRequiredApiVersion":"2.2.0","hasComponent":"true","hasUnlockedComponent":"true","isUnifiedRootApp":"false","sienaVersion":"20240207T103650Z-3.24014.14.0","showStatusBar":"false","offlineLargeFilesSupport":"false"}</Tags>
      <IsCdsUpgraded>0</IsCdsUpgraded>
      <GalleryItemId xsi:nil="true"></GalleryItemId>
      <BackgroundColor>RGBA(0,176,240,1)</BackgroundColor>
      <DisplayName>KY+KIG - RTT Dev</DisplayName>
      <Description xsi:nil="true"></Description>
      <CommitMessage xsi:nil="true"></CommitMessage>
      <Publisher xsi:nil="true"></Publisher>
      <AuthorizationReferences>[]</AuthorizationReferences>
      <ConnectionReferences>{"09d51758-f8e1-4db0-b6bc-5c0dcdbb7dd2":{"id":"/providers/microsoft.powerapps/apis/shared_sharepointonline","displayName":"SharePoint","iconUri":"https://connectoricons-prod.azureedge.net/releases/v1.0.1676/1.0.1676.3617/sharepointonline/icon.png","dataSources":["RTT Admin Report - CY Portfolio","RTT Admin Report - Dividend Income","RTT Admin Report - Interest Income","RTT Admin Report - Other Income","RTT Admin Report - RGL List","Clients","Funds","Tax file drop off","FinancialTieOut","TaxAnalysis","PotentialTaxExposure","Tax Lookup Table","Tax Matrices"],"dependencies":[],"dependents":[],"parameterHints":{},"parameterHintsV2":{},"isOnPremiseConnection":false,"bypassConsent":false,"dataSets":{"https://spo-global.kpmg.com/sites/KY-RPA_Process_Automation":{"dataSources":{"RTT Admin Report - CY Portfolio":{"tableName":"641825b3-eebd-4901-a766-eada40fd5fac"},"RTT Admin Report - Dividend Income":{"tableName":"a6193f2a-f8e1-43e5-b502-58eee243f3b2"},"RTT Admin Report - Interest Income":{"tableName":"ec881eef-5c94-4387-995a-5af1a84c0f20"},"RTT Admin Report - Other Income":{"tableName":"3184c42b-989b-4de9-853e-e2e12149a5d1"},"RTT Admin Report - RGL List":{"tableName":"bfd286bf-fefc-42d7-a34c-5904956fde1f"},"Clients":{"tableName":"17d195f1-6a0d-4045-87a4-9a77269e01cd"},"Funds":{"tableName":"fa4bfcf0-585b-4aa3-8c44-bf2e5d5746fc"},"Tax file drop off":{"tableName":"4efe752a-29d7-4453-8a7f-e50dff0d8414"},"FinancialTieOut":{"tableName":"f3009646-8a35-4241-bb9b-55ea67cc1cb2"},"TaxAnalysis":{"tableName":"2e12d9c0-ddc0-498d-ac93-d550f331ed5d"},"PotentialTaxExposure":{"tableName":"5ff015f2-7d7e-44e9-bf77-47adb62e0532"},"Tax Lookup Table":{"tableName":"1c68fb53-0e75-4144-a7de-d8d11e39e8f7"},"Tax Matrices":{"tableName":"e29a4d91-5fd2-4005-b191-7bfd5fbe093c"}}}},"apiTier":"Standard","actions":["providers/PowerPlatform.Governance/Operations/Read","providers/PowerPlatform.Governance/Operations/Write","providers/PowerPlatform.Governance/Operations/Delete"]},"83b4a6de-bbb4-4e02-878e-c57f8825147a":{"id":"/providers/microsoft.powerapps/apis/shared_office365users","displayName":"Office 365 Users","iconUri":"https://connectoricons-prod.azureedge.net/releases/v1.0.1672/1.0.1672.3545/office365users/icon.png","dataSources":["Office365Users"],"dependencies":[],"dependents":[],"parameterHints":{},"parameterHintsV2":{},"isOnPremiseConnection":false,"bypassConsent":false,"dataSets":{},"apiTier":"Standard","actions":["SearchUser","UserPhoto"]},"7e93b724-1355-499c-842e-ad0d5c25cb81":{"id":"/providers/microsoft.powerapps/apis/shared_logicflows","displayName":"Logic flows","iconUri":"https://connectoricons-prod.azureedge.net/releases/v1.0.1664/1.0.1664.3477/logicflows/icon.png","dataSources":["ExportToExcel"],"dependencies":["bff21415-30de-49b6-9d24-d2c5e19a178a"],"dependents":[],"parameterHints":{"workflowName":{"value":"eacce965-fae4-417a-9edb-60d7a206c87d"},"workflowEntityId":{"value":"f1ab0b90-ce2a-ee11-bdf4-000d3ab79002"},"bff21415-30de-49b6-9d24-d2c5e19a178a":{"value":"shared_onedriveforbusiness"}},"parameterHintsV2":{"workflowName":{"value":"eacce965-fae4-417a-9edb-60d7a206c87d"},"workflowEntityId":{"value":"f1ab0b90-ce2a-ee11-bdf4-000d3ab79002"},"shared_onedriveforbusiness":{"value":"bff21415-30de-49b6-9d24-d2c5e19a178a"}},"isOnPremiseConnection":false,"bypassConsent":false,"dataSets":{},"apiTier":"Standard","actions":["Run"]},"bff21415-30de-49b6-9d24-d2c5e19a178a":{"id":"/providers/microsoft.powerapps/apis/shared_onedriveforbusiness","displayName":"OneDrive for Business","iconUri":"https://connectoricons-prod.azureedge.net/releases/v1.0.1669/1.0.1669.3522/onedriveforbusiness/icon.png","dataSources":[],"dependencies":[],"dependents":["7e93b724-1355-499c-842e-ad0d5c25cb81"],"parameterHints":{},"parameterHintsV2":{},"isOnPremiseConnection":false,"bypassConsent":false,"dataSets":{},"apiTier":"Standard"},"36662db8-0d7e-4ca4-9f1d-3b3047eda595":{"id":"/providers/microsoft.powerapps/apis/shared_logicflows","displayName":"Logic flows","iconUri":"https://connectoricons-prod.azureedge.net/releases/v1.0.1664/1.0.1664.3477/logicflows/icon.png","dataSources":["CountryMatch"],"dependencies":["ff074f33-11ec-49bd-aa12-24ec8c54b2af","794fe3d4-8ce0-4fe0-b010-a2cf2da873c9"],"dependents":[],"parameterHints":{"workflowName":{"value":"83f7bee2-df70-41e4-92fb-1cfba8b1b00e"},"workflowEntityId":{"value":"de5d1590-e231-ee11-bdf4-0022489cfe6d"},"ff074f33-11ec-49bd-aa12-24ec8c54b2af":{"value":"shared_sharepointonline"},"794fe3d4-8ce0-4fe0-b010-a2cf2da873c9":{"value":"shared_office365"}},"parameterHintsV2":{"workflowName":{"value":"83f7bee2-df70-41e4-92fb-1cfba8b1b00e"},"workflowEntityId":{"value":"de5d1590-e231-ee11-bdf4-0022489cfe6d"},"shared_sharepointonline":{"value":"ff074f33-11ec-49bd-aa12-24ec8c54b2af"},"shared_office365":{"value":"794fe3d4-8ce0-4fe0-b010-a2cf2da873c9"}},"isOnPremiseConnection":false,"bypassConsent":false,"dataSets":{},"apiTier":"Standard","actions":["Run"]},"ff074f33-11ec-49bd-aa12-24ec8c54b2af":{"id":"/providers/microsoft.powerapps/apis/shared_sharepointonline","displayName":"SharePoint","iconUri":"https://connectoricons-prod.azureedge.net/releases/v1.0.1676/1.0.1676.3617/sharepointonline/icon.png","dataSources":[],"dependencies":[],"dependents":["36662db8-0d7e-4ca4-9f1d-3b3047eda595","3e1d8b2a-18af-4752-9d8d-9edf67d61ca2"],"parameterHints":{},"parameterHintsV2":{},"isOnPremiseConnection":false,"bypassConsent":false,"dataSets":{},"apiTier":"Standard"},"794fe3d4-8ce0-4fe0-b010-a2cf2da873c9":{"id":"/providers/microsoft.powerapps/apis/shared_office365","displayName":"Office 365 Outlook","iconUri":"https://connectoricons-prod.azureedge.net/releases/v1.0.1676/1.0.1676.3617/office365/icon.png","dataSources":[],"dependencies":[],"dependents":["36662db8-0d7e-4ca4-9f1d-3b3047eda595","3e1d8b2a-18af-4752-9d8d-9edf67d61ca2"],"parameterHints":{},"parameterHintsV2":{},"isOnPremiseConnection":false,"bypassConsent":false,"dataSets":{},"apiTier":"Standard"},"3e1d8b2a-18af-4752-9d8d-9edf67d61ca2":{"id":"/providers/microsoft.powerapps/apis/shared_logicflows","displayName":"Logic flows","iconUri":"https://connectoricons-prod.azureedge.net/releases/v1.0.1664/1.0.1664.3477/logicflows/icon.png","dataSources":["InvTypeMatch"],"dependencies":["ff074f33-11ec-49bd-aa12-24ec8c54b2af","794fe3d4-8ce0-4fe0-b010-a2cf2da873c9"],"dependents":[],"parameterHints":{"workflowName":{"value":"b56a1ee4-9e2c-4171-8932-f8f3824f2641"},"workflowEntityId":{"value":"6c562709-2d34-ee11-bdf4-000d3ab7889f"},"ff074f33-11ec-49bd-aa12-24ec8c54b2af":{"value":"shared_sharepointonline"},"794fe3d4-8ce0-4fe0-b010-a2cf2da873c9":{"value":"shared_office365"}},"parameterHintsV2":{"workflowName":{"value":"b56a1ee4-9e2c-4171-8932-f8f3824f2641"},"workflowEntityId":{"value":"6c562709-2d34-ee11-bdf4-000d3ab7889f"},"shared_sharepointonline":{"value":"ff074f33-11ec-49bd-aa12-24ec8c54b2af"},"shared_office365":{"value":"794fe3d4-8ce0-4fe0-b010-a2cf2da873c9"}},"isOnPremiseConnection":false,"bypassConsent":false,"dataSets":{},"apiTier":"Standard","actions":["Run"]},"e5e83b03-4330-4bc5-b384-20b63ff9f110":{"id":"/providers/microsoft.powerapps/apis/shared_logicflows","displayName":"Logic flows","iconUri":"https://connectoricons-prod.azureedge.net/releases/v1.0.1664/1.0.1664.3477/logicflows/icon.png","dataSources":["UpdateSharePointListsV4"],"dependencies":["09923799-2655-4d33-928f-158b19dc7848","b5edf977-6076-4d9c-af28-35173f289f91","cea77246-dfc4-4808-97c8-a33320f9c6d9"],"dependents":[],"parameterHints":{"workflowName":{"value":"85eefa57-e66b-4e4c-8be1-49804fad9ae2"},"workflowEntityId":{"value":"3d93c134-935e-ee11-be6e-000d3ab64821"},"09923799-2655-4d33-928f-158b19dc7848":{"value":"shared_excelonlinebusiness"},"b5edf977-6076-4d9c-af28-35173f289f91":{"value":"shared_sharepointonline_2"},"cea77246-dfc4-4808-97c8-a33320f9c6d9":{"value":"shared_office365_1"}},"parameterHintsV2":{"workflowName":{"value":"85eefa57-e66b-4e4c-8be1-49804fad9ae2"},"workflowEntityId":{"value":"3d93c134-935e-ee11-be6e-000d3ab64821"},"shared_excelonlinebusiness":{"value":"09923799-2655-4d33-928f-158b19dc7848"},"shared_sharepointonline_2":{"value":"b5edf977-6076-4d9c-af28-35173f289f91"},"shared_office365_1":{"value":"cea77246-dfc4-4808-97c8-a33320f9c6d9"}},"isOnPremiseConnection":false,"bypassConsent":false,"dataSets":{},"apiTier":"Standard","actions":["Run"]},"09923799-2655-4d33-928f-158b19dc7848":{"id":"/providers/microsoft.powerapps/apis/shared_excelonlinebusiness","displayName":"Excel Online (Business)","iconUri":"https://connectoricons-prod.azureedge.net/releases/v1.0.1658/1.0.1658.3452/excelonlinebusiness/icon.png","dataSources":[],"dependencies":[],"dependents":["e5e83b03-4330-4bc5-b384-20b63ff9f110"],"parameterHints":{},"parameterHintsV2":{},"isOnPremiseConnection":false,"bypassConsent":false,"dataSets":{},"apiTier":"Standard"},"b5edf977-6076-4d9c-af28-35173f289f91":{"id":"/providers/microsoft.powerapps/apis/shared_sharepointonline","displayName":"SharePoint","iconUri":"https://connectoricons-prod.azureedge.net/releases/v1.0.1676/1.0.1676.3617/sharepointonline/icon.png","dataSources":[],"dependencies":[],"dependents":["e5e83b03-4330-4bc5-b384-20b63ff9f110"],"parameterHints":{},"parameterHintsV2":{},"isOnPremiseConnection":false,"bypassConsent":false,"dataSets":{},"apiTier":"Standard"},"cea77246-dfc4-4808-97c8-a33320f9c6d9":{"id":"/providers/microsoft.powerapps/apis/shared_office365","displayName":"Office 365 Outlook","iconUri":"https://connectoricons-prod.azureedge.net/releases/v1.0.1676/1.0.1676.3617/office365/icon.png","dataSources":[],"dependencies":[],"dependents":["e5e83b03-4330-4bc5-b384-20b63ff9f110"],"parameterHints":{},"parameterHintsV2":{},"isOnPremiseConnection":false,"bypassConsent":false,"dataSets":{},"apiTier":"Standard"}}</ConnectionReferences>
      <DatabaseReferences>{}</DatabaseReferences>
      <AppComponents>[]</AppComponents>
      <AppComponentDependencies>[]</AppComponentDependencies>
      <CanConsumeAppPass>1</CanConsumeAppPass>
      <CanvasAppType>0</CanvasAppType>
      <BypassConsent>0</BypassConsent>
      <AdminControlBypassConsent>0</AdminControlBypassConsent>
      <EmbeddedApp xsi:nil="true"></EmbeddedApp>
      <IntroducedVersion>1.0</IntroducedVersion>
      <CdsDependencies>{"cdsdependencies":[{"dependencyid":"f1ab0b90-ce2a-ee11-bdf4-000d3ab79002","componenttype":29,"componenttypeplatformname":"Workflow"},{"dependencyid":"de5d1590-e231-ee11-bdf4-0022489cfe6d","componenttype":29,"componenttypeplatformname":"Workflow"},{"dependencyid":"6c562709-2d34-ee11-bdf4-000d3ab7889f","componenttype":29,"componenttypeplatformname":"Workflow"},{"dependencyid":"3d93c134-935e-ee11-be6e-000d3ab64821","componenttype":29,"componenttypeplatformname":"Workflow"}]}</CdsDependencies>
      <IsCustomizable>1</IsCustomizable>
      <BackgroundImageUri>/CanvasApps/rtt_kykigrttdev_aae2b_BackgroundImageUri</BackgroundImageUri>
      <DocumentUri>/CanvasApps/rtt_kykigrttdev_aae2b_DocumentUri.msapp</DocumentUri>
      <AdditionalUris>
        <AdditionalUri>/CanvasApps/rtt_kykigrttdev_aae2b_AdditionalUris0_identity.json</AdditionalUri>
      </AdditionalUris>
    </CanvasApp>
  </CanvasApps>
  <connectionreferences>
    <connectionreference connectionreferencelogicalname="new_sharedexcelonlinebusiness_5d60b">
      <connectionreferencedisplayname>Excel Online (Business) Default-5d60b</connectionreferencedisplayname>
      <connectorid>/providers/Microsoft.PowerApps/apis/shared_excelonlinebusiness</connectorid>
      <iscustomizable>1</iscustomizable>
      <statecode>0</statecode>
      <statuscode>1</statuscode>
    </connectionreference>
    <connectionreference connectionreferencelogicalname="new_sharedoffice365_7d6ec">
      <connectionreferencedisplayname>Office 365 Outlook Default-7d6ec</connectionreferencedisplayname>
      <connectorid>/providers/Microsoft.PowerApps/apis/shared_office365</connectorid>
      <iscustomizable>1</iscustomizable>
      <statecode>0</statecode>
      <statuscode>1</statuscode>
    </connectionreference>
    <connectionreference connectionreferencelogicalname="new_sharedonedriveforbusiness_2577d">
      <connectionreferencedisplayname>OneDrive for Business Default-2577d</connectionreferencedisplayname>
      <connectorid>/providers/Microsoft.PowerApps/apis/shared_onedriveforbusiness</connectorid>
      <iscustomizable>1</iscustomizable>
      <statecode>0</statecode>
      <statuscode>1</statuscode>
    </connectionreference>
    <connectionreference connectionreferencelogicalname="rtt_sharedexcelonlinebusiness_c57f5">
      <connectionreferencedisplayname>Excel Online (Business) Udula_Jayawardena-c57f5</connectionreferencedisplayname>
      <connectorid>/providers/Microsoft.PowerApps/apis/shared_excelonlinebusiness</connectorid>
      <iscustomizable>1</iscustomizable>
      <statecode>0</statecode>
      <statuscode>1</statuscode>
    </connectionreference>
    <connectionreference connectionreferencelogicalname="rtt_sharedsharepointonline_d1233">
      <connectionreferencedisplayname>SharePoint AuditorAppraisals-d1233</connectionreferencedisplayname>
      <connectorid>/providers/Microsoft.PowerApps/apis/shared_sharepointonline</connectorid>
      <iscustomizable>1</iscustomizable>
      <statecode>0</statecode>
      <statuscode>1</statuscode>
    </connectionreference>
  </connectionreferences>
  <Languages>
    <Language>1033</Language>
  </Languages>
</ImportExportXml>